"V5.Begin","V5.End","V5.Peak_date","V5.DailyMQ","V5.Volume","V5.dir_Volume","V5.baseflow_peak","V5.baseflow_begin","V5.baseflow_end","V5.No_Peaks","V5.HQ","V5.HQ_dir","V5.Comments","V5.Duration"
1981-02-11,1981-02-17,1981-02-13,2884.526786,1006.47687871584,619.46950640832,711.531372566667,641.5101196,851.5738785,1,NA,NA," ",7
1981-07-01,1981-07-16,1981-07-05,3077.078579,1648.01486241792,1381.80844892592,187.3809015,166.7805795,244.031787,1,NA,NA," ",16
1982-01-03,1982-01-10,1982-01-05,2457.913849,851.17349794464,498.82627081008,545.105021042857,495.1321145,670.0372874,1,NA,NA," ",8
1982-05-28,1982-06-13,1982-05-29,3073.203975,2650.53252861216,1992.83635386144,377.2656412875,363.194445,588.3335856,2,NA,NA," ",17
1982-08-08,1982-08-21,1982-08-10,2064.506255,837.58215328128,645.27335992512,148.495603530769,138.3980523,204.0321353,1,NA,NA," ",14
1983-04-08,1983-04-15,1983-04-12,2731.071486,1176.74896995072,654.7195656,882.094242271428,730.4911553,995.7965575,1,NA,NA," ",8
1983-04-15,1983-04-24,1983-04-17,4126.115984,2267.3777021424,1195.5808188792,1165.81569338889,995.7965575,1760.882669,1,NA,NA," ",10
1983-04-24,1983-04-28,1983-04-26,3208.15295,1087.442226,431.0994753504,1899.1399035,1760.882669,2037.397138,1,NA,NA," ",5
1983-06-28,1983-07-11,1983-06-30,2815.084878,1149.2330102064,906.66209675088,185.642245123077,172.1658508,259.7624139,1,NA,NA," ",14
1983-08-11,1983-08-17,1983-08-13,2024.736913,588.7846812528,387.42380716608,365.7788267,320.481256,456.3739681,1,NA,NA," ",7
1983-11-20,1983-12-03,1983-11-26,3819.64789,2392.57161250848,1499.20399948176,786.456151884615,679.4041943,911.3501024,2,NA,NA," ",14
1983-11-20,1983-11-26,1983-11-22,2975.875701,934.79018999328,522.46667628864,756.719497,679.4041943,911.3501024,1,NA,NA,"first wave",7
1983-11-24,1983-12-03,1983-11-26,2979.909277,1457.7814225152,1103.44850270208,202.522244977778,0,911.3501024,1,NA,NA,"second wave",10
1983-12-13,1983-12-19,1983-12-15,4303.716619,1448.341918128,921.4352496576,961.758529666667,852.456652,1180.362285,1,NA,NA," ",7
1984-02-14,1984-02-23,1984-02-16,2192.954822,1043.31952220256,688.75759755648,415.958638466667,383.9499066,527.9892,1,NA,NA," ",10
1984-03-28,1984-04-04,1984-03-30,4248.79783,1539.26399329056,1055.786319324,686.8330105,536.7424699,1062.059362,1,NA,NA," ",8
1984-04-04,1984-04-11,1984-04-06,7045.75698,2441.6448566976,1666.3639975056,1187.67099942857,1062.059362,1501.700093,1,NA,NA," ",8
1984-05-28,1984-06-08,1984-05-31,6921.569175,2586.78808422912,2189.38206286512,377.368849818182,328.4361901,507.8559424,1,NA,NA," ",12
1984-06-30,1984-07-14,1984-07-08,4082.740151,2296.45043044416,1640.35427562432,555.1004546,453.557101,631.2579698,2,NA,NA," ",15
1984-06-30,1984-07-09,1984-07-02,2637.975737,1230.42250371456,808.64640418752,493.046182955556,453.557101,631.2579698,2,NA,NA,"first wave",10
1984-07-06,1984-07-14,1984-07-08,3274.975713,1066.0279267296,847.86517236672,157.81449245,0,631.2579698,1,NA,NA,"second wave",9
1985-07-31,1985-08-07,1985-08-01,2315.526265,689.99532908544,499.22382168288,274.595906914286,258.2626378,372.5955216,1,NA,NA," ",8
1985-09-26,1985-10-12,1985-09-28,4159.54907,1733.17215109536,1394.49000438432,201.7977505375,187.3984121,302.5931196,1,NA,NA," ",17
1986-01-25,1986-02-10,1986-01-28,2120.036219,1548.37351386432,930.34081998144,355.8155757625,301.0615645,593.0829579,1,NA,NA," ",17
1986-01-25,1986-02-03,1986-01-28,2120.036219,957.77097691392,610.1275866048,398.402028966667,301.0615645,593.0829579,1,NA,NA,"first wave",10
1986-03-13,1986-03-22,1986-03-16,2982.669662,1460.19390887232,934.89934644,645.078970066667,584.1706488,766.8956126,1,NA,NA," ",10
1986-04-15,1986-04-29,1986-04-18,2303.614851,1103.79005020512,802.19072635776,209.293749892857,179.2605133,319.4156174,1,NA,NA," ",15
1986-04-15,1986-04-26,1986-04-18,2303.614851,866.85564654144,629.8847492328,217.4846326,179.2605133,319.4156174,1,NA,NA,"first wave",12
1986-05-20,1986-06-05,1986-05-23,3640.161938,1478.7568797696,1264.60013342976,131.96436813125,118.1930123,191.6402434,1,NA,NA," ",17
1986-06-06,1986-06-18,1986-06-09,3101.791465,1817.0012475648,1239.20508591936,501.299705775,445.311447,669.2644821,2,NA,NA," ",13
1986-07-31,1986-08-04,1986-08-04,2471.3852,886.306602528,172.3880183616,2471.3852,1660.088088,2471.3852,1,NA,NA," ",5
1986-08-06,1986-08-11,1986-08-08,3761.496731,1034.5433813856,519.5443823856,1177.8766804,1120.874152,1263.380473,1,NA,NA," ",6
1986-08-16,1986-08-27,1986-08-19,3591.540793,2112.95802343968,1475.61156975024,624.8074511,569.8460216,771.3712631,1,NA,NA," ",12
1986-11-18,1986-12-09,1986-11-28,3334.825493,3361.54920558624,2197.1899234224,632.871508990476,455.6535168,827.8113004,2,NA,NA," ",22
1986-11-18,1986-12-04,1986-11-28,3334.825493,2489.52840501024,1602.3975233616,688.25213155,455.6535168,827.8113004,1,NA,NA,"first wave",17
1986-12-02,1986-12-09,1986-12-04,2223.621088,872.020800576,621.69066333504,236.5175144,0,827.8113004,1,NA,NA,"second wave",8
1987-02-28,1987-03-08,1987-03-03,2054.079582,852.78197962368,529.08575566464,444.485991375,373.0124379,563.6085805,1,NA,NA," ",9
1987-03-30,1987-04-12,1987-04-06,3118.921218,1923.00936205824,1259.6867131176,596.827969653846,509.1469048,671.9831681,2,NA,NA," ",14
1987-04-03,1987-04-12,1987-04-06,3118.921218,1278.7368880032,1017.46983224592,223.994389366667,0,671.9831681,1,NA,NA,"second wave",10
1987-07-12,1987-07-19,1987-07-16,3330.131057,1353.62591284896,738.4483383768,1032.23372538571,911.6334259,1122.68395,1,NA,NA," ",8
1987-09-07,1987-09-27,1987-09-15,8081.855349,4981.37189095296,4081.31981850816,507.1111016,452.1016366,589.6252991,3,NA,NA," ",21
1987-09-07,1987-09-24,1987-09-15,8081.855349,3947.23829172096,3182.19403014288,516.818654247059,452.1016366,589.6252991,3,NA,NA,"first wave",18
1987-09-18,1987-09-27,1987-09-20,2718.511248,1034.133599232,804.88728294192,131.027844244444,0,589.6252991,1,NA,NA,"second wave",10
1987-10-03,1987-10-12,1987-10-05,2165.731678,1058.68759414176,665.8117381512,423.708866544444,358.4826923,652.0004764,1,NA,NA," ",10
1987-10-27,1987-11-06,1987-10-29,2601.813838,1044.5628920832,746.1893397888,301.013787,271.4631386,419.2163806,1,NA,NA," ",11
1987-11-10,1987-11-17,1987-11-12,2657.008777,975.7856277504,633.36839251536,510.665634571429,436.6650626,695.6670645,1,NA,NA," ",8
1988-05-17,1988-06-01,1988-05-22,2778.073613,1818.56389680864,1442.50502210784,268.292656133333,224.5401988,355.7975708,1,NA,NA," ",16
1988-07-19,1988-08-02,1988-07-25,2555.812973,1527.22692654048,1173.60320710464,282.9911977,226.852474,357.8428293,1,NA,NA," ",15
1988-11-20,1988-11-25,1988-11-22,2041.208662,696.97662095232,370.69511105952,739.8142991,677.9464039,832.6161419,1,NA,NA," ",6
1989-05-01,1989-06-01,1989-05-18,4210.504215,5647.43004049152,4417.07843843568,470.345080183871,345.8550284,572.8662993,4,NA,NA," ",32
1989-05-01,1989-05-20,1989-05-11,3937.035638,3408.86109250656,2654.7746267304,465.334644663158,345.8550284,572.8662993,3,NA,NA,"first wave",20
1989-05-15,1989-06-01,1989-05-18,3424.5253696,2238.56894798496,1817.85593777904,101.094052817647,0,572.8662993,1,NA,NA,"second wave",18
1989-05-23,1989-05-27,1989-05-25,2411.727218,682.08758315136,314.05330554624,1064.9139977,785.9788454,1343.84915,1,NA,NA,"aufgesetzt",5
1989-06-08,1989-06-14,1989-06-11,8001.739368,2789.5043318688,1449.0870098688,2585.6815625,1987.63533,3183.727795,1,NA,NA," ",7
1989-06-21,1989-06-28,1989-06-23,2507.997433,1180.4810940864,552.377729448,979.910323285714,901.749827,1175.311564,1,NA,NA," ",8
1989-07-05,1989-07-11,1989-07-07,3443.540284,1143.21506283072,765.53466797376,702.8764407,651.5290333,805.5712555,1,NA,NA," ",7
1989-08-10,1989-08-29,1989-08-20,3390.220609,3024.39530450304,2492.14080048192,328.427964552632,244.4508375,404.0073789,1,NA,NA," ",20
1989-09-19,1989-09-26,1989-09-22,5284.579396,2012.471331696,1140.3100407888,1404.82606585714,1181.388702,1702.742551,1,NA,NA," ",8
1989-10-01,1989-10-07,1989-10-03,2605.858094,829.22358974688,477.50280246432,629.8924421,532.7298445,824.2176373,1,NA,NA," ",7
1989-10-18,1989-10-27,1989-10-21,3703.874523,1753.31030118912,1240.4335696632,627.138926766667,562.2893844,756.8380115,1,NA,NA," ",10
1989-11-15,1989-11-22,1989-11-18,2139.191841,846.1754963136,452.13716666304,631.948201728571,514.5269989,788.5098055,1,NA,NA," ",8
1990-01-25,1990-02-03,1990-01-31,2816.736931,1430.0513719776,733.72420836,989.667792333333,612.926477,1178.03845,2,NA,NA," ",10
1990-05-29,1990-06-03,1990-05-30,2122.819576,589.27886477568,369.14141117088,476.0388942,453.6798644,565.4750134,1,NA,NA," ",6
1990-07-12,1990-07-21,1990-07-14,3889.528238,1235.88333859392,976.88077845264,306.053646688889,284.4330248,381.7258233,1,NA,NA," ",10
1990-08-06,1990-08-16,1990-08-08,3141.696817,1244.48785856352,919.41895111392,334.22770786,306.2214055,446.2529173,1,NA,NA," ",11
1990-08-23,1990-08-28,1990-08-25,11819.50584,3153.7499288832,1832.4665014032,3007.3727164,2802.757772,3314.295133,1,NA,NA," ",6
1990-10-23,1990-10-28,1990-10-24,2081.247409,609.09883669152,357.23320754112,537.23565778,506.7112365,659.3333429,1,NA,NA," ",6
1990-12-23,1990-12-30,1990-12-25,2078.690024,956.35848393216,444.5788300272,772.904706857143,675.1822924,1017.210743,1,NA,NA," ",8
1991-03-02,1991-03-12,1991-03-05,3445.588654,1433.7601923312,1001.8534981104,456.05254696,390.2933566,609.4906578,1,NA,NA," ",11
1991-08-19,1991-08-29,1991-08-21,4977.77323,2009.26487859552,1626.64238956032,415.8111989,397.7852628,487.9149433,1,NA,NA," ",11
1991-11-22,1991-11-30,1991-11-24,2704.271463,1025.04524352192,703.70037531072,410.94768545,356.9867074,572.8306196,1,NA,NA," ",9
1991-12-02,1991-12-09,1991-12-04,2767.80925,979.95171317472,581.74133326416,616.205755542857,559.924585,756.9086819,1,NA,NA," ",8
1992-07-15,1992-07-31,1992-07-18,2104.325886,1142.40834811296,833.26195279008,187.69779491875,166.1383489,281.122061,1,NA,NA," ",17
1992-07-15,1992-07-26,1992-07-18,2104.325886,776.43897992064,563.90083313616,197.497543109091,166.1383489,281.122061,1,NA,NA,"first wave",12
1992-08-15,1992-08-25,1992-08-19,3068.535062,1252.5695319744,899.2777512384,398.78777012,358.3287546,459.4762934,1,NA,NA," ",11
1992-09-25,1992-09-30,1992-09-27,2646.630031,877.35246075072,483.80159112192,891.23819448,812.2014388,1009.793328,1,NA,NA," ",6
1992-12-10,1992-12-25,1992-12-13,2281.52006,1575.62152776864,1108.99454115744,316.93539464,288.1911996,431.9121748,1,NA,NA," ",16
1993-03-13,1993-03-17,1993-03-15,3080.593869,881.575041096,503.7733091376,1093.17630775,734.8952225,1451.457393,1,NA,NA," ",5
1993-04-01,1993-04-05,1993-04-03,2799.767122,890.7321303648,351.4020642144,1560.561534,1552.749619,1568.373449,1,NA,NA," ",5
1993-04-21,1993-05-01,1993-04-24,2152.54417,1218.9904597296,752.2655611824,500.38724308,440.6818255,639.6998841,1,NA,NA," ",11
1993-08-17,1993-08-26,1993-08-19,2593.506521,1207.65427465248,890.08588089792,364.291141433333,329.0076001,487.7835361,1,NA,NA," ",10
1993-11-27,1993-12-19,1993-12-06,4865.290555,2833.57211846112,2243.29904648352,293.481889118182,216.7236099,404.3549591,2,NA,NA," ",23
1993-11-27,1993-12-09,1993-11-29,2608.431979,1063.0857628656,741.118632696,247.995501433333,216.7236099,404.3549591,2,NA,NA,"first wave",13
1993-12-04,1993-12-19,1993-12-06,4316.3848882,1770.48635559552,1508.46434209872,53.9139945466667,0,404.3549591,1,NA,NA,"second wave",16
1994-01-17,1994-01-23,1994-01-19,2221.278313,746.2920777696,463.13768678112,507.720922633333,430.746136,661.6704959,1,NA,NA," ",7
1994-03-08,1994-03-15,1994-03-11,3268.159702,1233.13161066336,642.14170794,956.949968942857,835.6547159,1118.676973,1,NA,NA," ",8
1994-03-21,1994-04-04,1994-03-30,2731.182119,2062.98596028384,1129.45514126976,834.407423564286,552.5309335,991.0054736,1,NA,NA," ",15
1994-07-21,1994-07-27,1994-07-24,2521.588478,862.27162668288,436.05851936832,822.1703459,565.1274938,1079.213198,1,NA,NA," ",7
1994-08-12,1994-08-30,1994-08-23,5296.317162,3037.52896678368,2129.5753587504,609.8146246,466.8326745,700.8031383,1,NA,NA," ",19
1994-08-12,1994-08-26,1994-08-19,2227.739762,1864.93353494688,1158.74739536544,583.8179064,466.8326745,700.8031383,1,NA,NA,"first wave",15
1994-08-22,1994-08-30,1994-08-23,4082.580517,1172.5954318368,930.39786724032,87.6003922875,0,700.8031383,1,NA,NA,"second wave",9
1994-11-27,1994-12-20,1994-11-29,2744.888385,2429.03439902592,1719.69740597088,287.505120008696,272.8845146,441.0214768,3,NA,NA," ",24
1994-11-27,1994-12-08,1994-11-29,2744.888385,1075.42408443552,736.17595732224,303.454871363636,272.8845146,441.0214768,2,NA,NA,"first wave",12
1994-12-04,1994-12-20,1994-12-11,2137.102091,1353.6103145904,1048.77626982624,192.9468961,0,441.0214768,1,NA,NA,"second wave",17
1995-10-21,1995-10-26,1995-10-22,3454.704803,926.38192564512,577.60677374832,748.57582794,709.3931208,905.3066565,1,NA,NA," ",6
1995-11-11,1995-11-22,1995-11-15,3457.157196,2003.034489984,1462.83707477952,534.415963681818,443.8197703,692.9593021,1,NA,NA," ",12
1996-01-18,1996-02-05,1996-01-20,3737.667143,3065.2079035392,2275.64735753664,454.464215788889,439.2566545,576.1247061,2,NA,NA," ",19
1996-01-18,1996-01-28,1996-01-20,3737.667143,1509.8634392832,1071.218691504,466.63026482,439.2566545,576.1247061,1,NA,NA,"first wave",11
1996-01-24,1996-02-05,1996-01-29,3402.837487,1555.344464256,1256.68141661376,240.051960875,0,576.1247061,1,NA,NA,"second wave",13
1996-04-15,1996-04-21,1996-04-17,3242.50563,1083.6238401648,619.0691698656,872.5435997,825.3674106,966.8959779,1,NA,NA," ",7
1996-06-18,1996-06-24,1996-06-20,4023.40734,1285.66980473472,693.66818952576,1075.42205186667,942.3093068,1341.647542,1,NA,NA," ",7
1996-07-12,1996-07-26,1996-07-17,5274.558808,3196.54126521216,2674.4776223472,398.53537135,315.8732151,547.3272526,1,NA,NA," ",15
1996-07-30,1996-08-09,1996-08-03,2105.781569,1109.65607809344,750.96118950624,403.3131644,355.9413378,474.3709043,1,NA,NA," ",11
1996-08-12,1996-08-17,1996-08-14,3501.45263,847.94396217696,518.63688021456,726.59602644,583.8404844,940.7293395,1,NA,NA," ",6
1996-09-16,1996-09-27,1996-09-19,2317.571016,1193.6158329024,821.39191862832,368.603166836364,340.9472773,442.3522056,1,NA,NA," ",12
1996-10-18,1996-11-01,1996-10-21,4944.222543,2149.34336985312,1740.81625466112,295.144028521429,263.1990271,412.2757004,1,NA,NA," ",15
1996-11-08,1996-11-19,1996-11-10,4123.192188,1736.14896187776,1371.517330644,311.153495236364,269.720505,497.6019513,1,NA,NA," ",12
1996-12-01,1996-12-13,1996-12-03,4263.478812,2548.73312848224,1653.3938182032,748.16251725,690.4636301,1036.656953,1,NA,NA," ",13
1996-12-13,1996-12-18,1996-12-15,3041.186847,1111.674087936,568.220991408,1213.7260138,1036.656953,1479.329605,1,NA,NA," ",6
1997-03-29,1997-04-07,1997-04-02,3060.387895,1301.28480463392,837.70062373008,591.1373208,550.85131,641.4948343,1,NA,NA," ",10
1997-08-04,1997-09-07,1997-08-22,3122.028942,1802.87750952115,1506.99539979533,102.434583790588,71.61519888,129.8295926,3,NA,NA," ",35
1997-08-20,1997-09-07,1997-08-22,2617.7753567,887.37072737472,786.41523616896,14.4255102888889,0,129.8295926,1,NA,NA,"second wave",19
1997-11-07,1997-11-14,1997-11-09,2412.842995,962.05068531072,562.28375008656,594.126600528571,504.9749973,817.0056086,1,NA,NA," ",8
1998-02-23,1998-03-02,1998-02-26,2289.589391,1001.28494117376,497.82525264,793.6835378,561.1449974,1103.734925,1,NA,NA," ",8
1998-03-08,1998-03-16,1998-03-10,3094.69497,1230.78696156864,771.19863770304,598.5084755,532.103288,797.724038,1,NA,NA," ",9
1998-04-09,1998-04-16,1998-04-11,2534.838034,883.97603258976,590.7319902,453.4784776,411.6348728,558.0874896,1,NA,NA," ",8
1998-05-08,1998-05-17,1998-05-13,6422.76044,3078.9259363584,2029.2115853664,1351.65374311111,1334.529262,1365.353328,1,NA,NA," ",10
1998-06-12,1998-06-27,1998-06-14,2652.285239,1607.83440027264,1155.57714096624,314.2453975,301.6204749,396.3073944,1,NA,NA," ",16
1998-06-30,1998-07-08,1998-07-02,2276.178378,867.1788865584,512.70670356192,439.1348701,365.4338273,660.2379985,1,NA,NA," ",9
1999-01-02,1999-02-24,1999-01-26,2619.115137,4956.2902500336,3831.25864796208,239.142352486792,176.3521186,315.0138851,4,NA,NA," ",54
1999-01-03,1999-02-01,1999-01-26,2619.115137,3545.09190936576,2359.3091014872,526.85353147931,381.8168976,564.6891751,4,NA,NA,"overlaid",30
1999-03-21,1999-03-30,1999-03-23,2853.956468,1204.90015569696,822.74263651296,447.185855,411.768367,571.147063,1,NA,NA," ",10
1999-09-16,1999-09-25,1999-09-17,12770.64245,4743.88912008,3486.4048787616,1465.59916411111,1422.303187,1811.966981,1,NA,NA," ",10
2000-04-17,2000-04-28,2000-04-19,3086.506902,1701.92843462304,1138.81264917984,540.989696654545,511.5529616,673.4550044,1,NA,NA," ",12
2000-06-17,2000-06-22,2000-06-19,2195.655737,667.19442580704,260.81144923824,934.62228582,910.3060905,971.0965788,1,NA,NA," ",6
2000-07-26,2000-08-11,2000-08-01,3835.707619,2367.97672621536,1996.97774994144,249.4533782875,192.694207,344.0519971,2,NA,NA," ",17
2000-08-12,2000-08-18,2000-08-15,2445.659782,811.25004393504,512.7678282096,575.7758791,490.5907511,660.9610071,1,NA,NA," ",7
2000-12-16,2000-12-24,2000-12-18,2522.687754,1167.94459330272,674.86004514144,676.083393775,638.7921519,787.9571194,1,NA,NA," ",9
2001-06-16,2001-07-08,2001-06-18,3126.916578,2400.12769393152,1947.98574322272,209.476382172727,203.1668466,272.5717379,1,NA,NA," ",23
2001-06-16,2001-06-27,2001-06-18,3126.916578,1030.92466607136,804.85369071696,215.785917745455,203.1668466,272.5717379,1,NA,NA,"first wave",12
2001-06-21,2001-07-08,2001-06-24,2384.4802219,1369.20302786016,1169.0263435464,48.1008949235294,0,272.5717379,1,NA,NA,"second wave",18
2002-09-01,2002-09-08,2002-09-02,2579.356442,717.58982566944,541.02484485792,262.090415542857,250.1508008,333.728104,1,NA,NA," ",8
2002-10-10,2002-10-25,2002-10-17,2405.54638,1588.47183083808,1174.33556103168,313.061793366667,222.2326279,416.8665539,1,NA,NA," ",16
2002-11-12,2002-11-26,2002-11-18,2155.337217,1615.63859929728,963.3311903088,522.413604271429,421.2433996,657.3072105,2,NA,NA," ",15
2002-12-25,2002-12-30,2002-12-27,2425.410479,834.98203950912,463.10962669632,828.49135228,699.1936798,1022.437861,1,NA,NA," ",6
2003-01-01,2003-01-09,2003-01-05,2588.242329,1379.59605575424,763.35141477888,891.5576403,747.4550576,1035.660223,1,NA,NA," ",9
2003-02-22,2003-03-01,2003-02-24,2293.489576,790.46655584256,529.84901596896,380.072058314286,312.2811434,549.5493456,1,NA,NA," ",8
2003-05-23,2003-05-31,2003-05-27,3208.304798,1437.82207599456,717.31261716192,1042.40373095,795.9624899,1288.844972,1,NA,NA," ",9
2003-06-04,2003-06-07,2003-06-05,3117.197046,805.3380320832,348.5606918688,1721.410641,1639.715409,1884.801105,1,NA,NA," ",4
2003-06-12,2003-06-29,2003-06-22,6752.015723,4422.07288039104,3197.514457368,867.784791305882,640.6430046,1026.784042,2,NA,NA," ",18
2003-07-21,2003-07-31,2003-07-25,3352.489823,1463.33082682944,1093.93461805824,412.53590344,352.511884,502.5719326,1,NA,NA," ",11
2003-08-01,2003-08-19,2003-08-13,3812.990278,3833.32342559328,2828.4031900944,669.349071933333,576.6241718,715.711522,1,NA,NA," ",19
2003-09-02,2003-09-10,2003-09-05,4328.078861,1425.1292723664,1029.33443698848,551.6884357125,488.8942143,656.3454714,1,NA,NA," ",9
2003-09-13,2003-09-22,2003-09-17,2280.836792,1072.59372272448,597.7002861288,590.257163188889,426.5795243,794.8542118,1,NA,NA," ",10
2003-09-28,2003-10-01,2003-09-30,2620.368456,708.5573629056,274.0268190096,1767.393687,1403.537209,1949.321926,1,NA,NA," ",4
2003-10-27,2003-11-11,2003-10-30,3734.292783,2260.87977252672,1612.94841873072,424.7574111,374.630997,625.2630675,1,NA,NA," ",16
2003-10-27,2003-11-07,2003-10-30,3734.292783,1851.48840852,1376.3387490696,442.985198045455,374.630997,625.2630675,1,NA,NA,"first wave",12
2003-11-19,2003-12-04,2003-11-21,5310.873477,2555.1685940688,1844.8686898488,456.583100593333,423.3148049,672.8270226,1,NA,NA," ",16
2003-11-19,2003-11-30,2003-11-21,5310.873477,2113.06421478528,1592.17761835728,468.680662663636,423.3148049,672.8270226,1,NA,NA,"first wave",12
2003-12-05,2003-12-10,2003-12-07,2657.402455,735.65226869184,412.64646472224,721.18669666,615.1390021,880.2582385,1,NA,NA," ",6
2003-12-10,2003-12-21,2003-12-16,2865.430556,1938.2810858928,1002.0333737304,994.6410235,880.2582385,1089.960011,2,NA,NA," ",12
2004-07-12,2004-07-22,2004-07-14,6671.894623,2988.21394073088,2334.39660013248,687.51975368,641.3775674,872.0884988,1,NA,NA," ",11
2004-07-27,2004-08-01,2004-07-29,3838.342432,1207.4906460384,584.1287791344,1370.047891,1078.370317,1807.564252,1,NA,NA," ",6
2004-08-13,2004-08-21,2004-08-17,2665.337363,927.6296067216,523.63783676448,584.47883385,546.7868116,622.1708561,1,NA,NA," ",9
2004-09-17,2004-09-27,2004-09-19,5342.774909,1938.31297114752,1609.47788938272,342.98943262,317.9182814,443.2740375,1,NA,NA," ",11
2004-09-28,2004-10-07,2004-09-29,3976.094855,1607.86989879264,1145.67733460448,525.631869977778,505.9885638,682.7783194,1,NA,NA," ",10
2004-11-28,2004-12-01,2004-11-29,2077.658589,550.23528500352,242.82791820864,1055.36596786667,794.1274808,1577.842942,1,NA,NA," ",4
2005-01-03,2005-01-22,2005-01-07,2624.689111,2658.09321836064,1934.34040564848,373.585523821053,324.6422238,557.1228989,1,NA,NA," ",20
2005-03-28,2005-04-10,2005-04-04,4778.609151,2821.6971169344,1799.9782470432,919.396293846154,782.948054,1036.351928,2,NA,NA," ",14
2005-03-28,2005-04-04,2005-03-30,2492.542583,1154.0624710464,603.9061564896,855.349160857143,782.948054,1036.351928,1,NA,NA,"first wave",8
2005-04-01,2005-04-10,2005-04-04,3881.06419,1667.634645888,1264.7010162816,345.450642666667,0,1036.351928,1,NA,NA,"second wave",10
2005-06-28,2005-07-28,2005-07-09,3484.454297,2376.99975794227,2026.07653551379,124.511583874,94.60406388,176.1700275,1,NA,NA," ",31
2005-06-28,2005-07-15,2005-07-01,2056.718944,1093.16671634419,894.31022363472,108.99805746,94.60406388,176.1700275,1,NA,NA,"first wave",18
2005-07-06,2005-07-28,2005-07-09,3082.4871136,1283.83304159808,1116.40104746208,24.0231855681818,0,176.1700275,1,NA,NA,"second wave",23
2005-08-29,2005-09-07,2005-09-01,2419.353051,985.891375152,731.1711307608,311.622571533333,279.7230531,375.4216084,1,NA,NA," ",10
2005-10-07,2006-03-24,2005-10-15,5844.47773,15713.2143416275,13617.7917357254,106.432755014286,102.440353,186.2807953,8,NA,NA," ",169
2005-10-07,2005-10-21,2005-10-15,5844.47773,4082.4489890592,3409.4347371072,621.244586714286,102.440353,1010.347762,1,NA,NA,"overlaid",15
2005-10-21,2005-11-06,2005-10-26,4116.488719,2294.2909049616,1295.44601031072,830.47044196875,1010.347762,434.7403379,1,NA,NA,"overlaid",17
2005-11-09,2005-11-29,2005-11-23,2229.444687,1764.44763634656,803.84404414176,581.21669352,492.6252643,619.1844489,1,NA,NA,"overlaid",21
2005-11-29,2005-12-08,2005-12-01,2725.839312,1184.14947177504,711.17387725968,614.324919322222,619.1844489,597.3165658,1,NA,NA,"overlaid",10
2005-12-25,2006-01-11,2006-01-04,2058.786528,1387.61562679776,732.82814195472,454.711819352941,395.283554,496.3116051,1,NA,NA,"overlaid",18
2006-04-22,2006-05-03,2006-04-24,2781.059579,1088.51263261056,874.24970028624,200.848482663636,186.7933273,264.0966818,1,NA,NA," ",12
2006-06-02,2006-06-09,2006-06-04,6073.956295,2095.88181616512,1347.9410535264,1077.393271,865.0182438,1608.330839,1,NA,NA," ",8
2006-06-23,2006-07-09,2006-06-27,9471.842014,5148.49461575328,4361.40327459744,535.915919725,502.4659966,636.2656891,2,NA,NA," ",17
2006-06-23,2006-07-07,2006-06-27,9471.842014,4818.13563364128,4129.43071012992,540.694480171429,502.4659966,636.2656891,2,NA,NA,"first wave",15
2006-07-15,2006-07-20,2006-07-17,2856.92267,915.6000940272,482.5698650712,991.8202365,949.5620255,1055.207553,1,NA,NA," ",6
2006-08-27,2006-10-11,2006-09-03,3246.4024,3553.96107156163,3021.62237409931,107.775049783111,94.61354163,179.2232369,3,NA,NA," ",46
2006-08-27,2006-09-13,2006-09-03,3246.4024,1998.88769488291,1733.63426800344,165.419273282353,94.61354163,266.5703185,2,NA,NA,"overlaid",18
2006-10-27,2006-11-06,2006-10-29,2958.235554,1170.00392823936,779.65579066176,409.6191423,381.5040199,522.0796319,1,NA,NA," ",11
2006-11-07,2006-11-22,2006-11-13,3009.788522,2118.72720812544,1392.27410991744,537.904154,447.381578,673.688018,1,NA,NA," ",16
2006-11-07,2006-11-15,2006-11-10,2291.448807,948.04721944704,560.60556706944,532.246493,447.381578,673.688018,1,NA,NA,"first wave",9
2007-03-01,2007-03-09,2007-03-03,2506.038441,881.6096208816,574.00688359008,394.276925575,343.5267428,546.5274739,1,NA,NA," ",9
2007-03-15,2007-03-23,2007-03-17,3146.42096,1327.57449558912,760.95219256704,731.10796065,642.4498579,997.0822689,1,NA,NA," ",9
2007-04-15,2007-04-22,2007-04-17,5822.584288,2059.29413470656,1458.2566241136,947.990563714286,886.9393784,1100.618527,1,NA,NA," ",8
2007-05-10,2007-05-25,2007-05-12,2537.747493,1094.10721305696,788.91688524816,197.186961186667,183.2599056,287.7128225,1,NA,NA," ",16
2007-05-10,2007-05-20,2007-05-12,2537.747493,800.32841979552,596.86820125632,204.15048898,183.2599056,287.7128225,1,NA,NA,"first wave",11
2007-11-13,2007-11-23,2007-11-16,2119.739172,1043.68325004576,582.92696817216,487.48061155,418.7774284,647.7880389,1,NA,NA," ",11
2008-02-12,2008-02-18,2008-02-14,2647.855858,960.59064731616,505.60872668928,821.9799846,710.6084699,1044.723014,1,NA,NA," ",7
2008-03-04,2008-03-15,2008-03-06,3581.114649,2040.3363575232,1424.71267334352,592.129836363636,560.3456326,735.1587533,1,NA,NA," ",12
2008-09-06,2008-10-16,2008-09-08,6630.963284,4987.83241230624,4393.29992444064,122.375372325,116.8582941,227.1998586,2,NA,NA," ",41
2008-09-06,2008-09-25,2008-09-08,6630.963284,3354.43968328032,3062.83614636672,129.653123447368,116.8582941,238.4091729,1,NA,NA,"overlaid",20
2008-11-13,2008-11-24,2008-11-17,2856.692112,1337.1793795296,899.69390461872,428.701896645455,344.3943985,576.2400184,1,NA,NA," ",12
2008-12-11,2008-12-19,2008-12-13,4856.644225,1825.81392436704,1222.93669792608,738.628346825,605.0384841,1139.397935,1,NA,NA," ",9
2009-01-06,2009-01-16,2009-01-08,2164.917129,1064.79572944896,657.72530378496,408.9456259,367.4784925,574.8141595,1,NA,NA," ",11
2009-06-08,2009-07-01,2009-06-22,4011.168141,3507.57402103872,2613.97482507648,480.43436346087,308.1961196,591.1589488,3,NA,NA," ",24
2009-06-12,2009-07-01,2009-06-22,4011.168141,3010.9000156272,2525.67675045216,311.136288842105,0,591.1589488,1,NA,NA,"second wave",20
2009-07-30,2009-08-09,2009-08-03,2533.52206,1019.55249883296,773.76007450656,271.91713324,221.6577758,347.3061694,1,NA,NA," ",11
2009-08-22,2009-08-28,2009-08-24,3417.976366,1057.71750905088,697.46490353664,674.7532512,634.3963064,755.4671408,1,NA,NA," ",7
2009-08-29,2009-09-03,2009-08-31,4982.660168,1519.7065066656,955.6914044016,1274.144068,1148.358282,1462.822747,1,NA,NA," ",6
2009-09-10,2009-09-16,2009-09-12,2100.758315,607.98014731584,389.3487060528,382.505754366667,304.0317644,539.4537343,1,NA,NA," ",7
2009-10-23,2009-11-05,2009-10-29,2872.108312,1627.9739924688,1077.38656900272,483.675544430769,405.4378098,574.9529015,2,NA,NA," ",14
2009-10-27,2009-11-05,2009-10-29,2179.8361226,970.4465035488,746.9048154456,127.767311444444,0,574.9529015,1,NA,NA,"second wave",10
2009-12-09,2009-12-13,2009-12-10,2868.666342,839.8848222144,397.2848910912,1271.3027175,1261.934338,1299.407856,1,NA,NA," ",5
2010-01-24,2010-02-02,2010-01-27,2488.650059,1024.19451623808,692.17095838752,395.5905957,332.8017309,521.1683253,1,NA,NA," ",10
2010-03-22,2010-04-06,2010-04-01,2308.386612,2030.16846772512,1339.24908267792,555.833359133333,464.9671604,601.2664585,1,NA,NA," ",16
2010-07-10,2010-07-23,2010-07-15,3045.305019,1115.61209561664,905.94277874352,172.821992069231,126.6572978,246.6855029,1,NA,NA," ",14
2010-09-30,2010-10-22,2010-10-02,5609.415951,2543.71000009824,2119.56037979328,181.565474709091,172.3260941,273.9592808,1,NA,NA," ",23
2010-11-30,2010-12-10,2010-12-03,2224.709319,940.5571684464,647.7539302512,313.8033542,276.1694303,401.6158433,1,NA,NA," ",11
2011-03-06,2011-03-19,2011-03-08,4009.889588,2534.96635102944,1789.86926749968,568.084057515385,525.7347895,801.0050316,1,NA,NA," ",14
2011-04-16,2011-04-20,2011-04-18,2169.493551,667.68715580544,256.72669652736,1189.1216993,953.5687926,1424.674606,1,NA,NA," ",5
2011-05-16,2011-05-27,2011-05-20,5101.857467,2641.94625830976,1983.16057416768,661.602818163636,577.4323194,808.901191,1,NA,NA," ",12
2011-07-08,2011-07-13,2011-07-09,2116.729464,540.60411768192,340.90836301872,410.3604678,375.7616521,548.7557306,1,NA,NA," ",6
2011-08-14,2011-08-24,2011-08-16,5086.390094,2010.48224708736,1640.77834700736,398.10677916,378.2459436,477.5501214,1,NA,NA," ",11
2011-08-27,2011-09-18,2011-08-29,7317.058078,5102.36006585472,4376.99717446752,313.622252136364,298.514027,464.7045035,1,NA,NA," ",23
2011-08-27,2011-09-09,2011-08-29,7317.058078,3074.34212180352,2645.71859507472,324.081792615385,298.514027,464.7045035,1,NA,NA,"first wave",14
2011-09-05,2011-09-18,2011-09-09,4337.7791385,2028.0179440512,1767.0398948856,142.986001076923,0,464.7045035,1,NA,NA,"second wave",14
2011-09-28,2011-10-03,2011-09-30,7127.009818,2254.0158069696,1132.9886792736,2510.8311672,2174.275024,3015.665382,1,NA,NA," ",6
2011-10-27,2011-11-04,2011-10-30,2252.483335,924.35994686304,514.4351166576,566.206460375,485.6382104,700.486877,1,NA,NA," ",9
2011-11-15,2011-12-19,2011-12-09,3630.517392,3466.80338239584,2469.2109665184,373.522453558824,257.1975893,421.991147,3,NA,NA," ",35
2011-12-06,2011-12-19,2011-12-09,3153.9429284,1356.60949123968,1119.61926308448,97.3825723846154,0,421.991147,1,NA,NA,"second wave",14
2012-04-21,2012-07-08,2012-06-03,3153.18686,5566.10339872512,4929.53385021984,97.2806231397436,66.934545,121.9809193,3,NA,NA," ",79
2012-05-08,2012-05-22,2012-05-16,2575.592213,1327.4986837968,826.32726138528,426.2361603,330.9726875,497.6837649,1,NA,NA,"overlaid",15
2012-05-29,2012-06-12,2012-06-03,3153.18686,2003.2814096064,1435.89990908448,462.759387221429,446.9943704,491.1364175,2,NA,NA,"overlaid",15
2012-07-19,2012-07-28,2012-07-21,3250.180465,900.00195741216,713.3067713592,206.9878406,180.5048764,299.6782153,1,NA,NA," ",10
2012-12-20,2012-12-25,2012-12-22,2553.664208,825.19432566912,375.09832328832,1016.28366468,913.8627458,1169.915043,1,NA,NA," ",6
2013-05-23,2013-06-02,2013-05-25,2315.574937,1198.76511706272,812.18049548832,378.0973366,331.8716246,563.0001846,1,NA,NA," ",11
2013-06-07,2013-06-22,2013-06-15,4198.890211,2663.39467069344,1949.41449531504,556.956885526667,460.2167835,641.6044748,2,NA,NA," ",16
2013-06-27,2013-07-07,2013-06-30,2946.656618,1513.4799652992,973.425391776,603.5134358,571.1888438,678.9374838,1,NA,NA," ",11
2013-07-12,2013-07-15,2013-07-13,2077.39602,457.98237025056,236.23640997552,851.0365255,842.1067966,868.8959833,1,NA,NA," ",4
2013-07-22,2013-08-06,2013-07-24,4269.834063,1966.11485882688,1501.00355633328,305.222779346667,285.7102708,432.0540849,1,NA,NA," ",16
2013-07-22,2013-08-02,2013-07-24,4269.834063,1549.46458842624,1208.3829665976,312.318237,285.7102708,432.0540849,1,NA,NA,"first wave",12
2013-10-10,2013-10-18,2013-10-12,3018.020048,929.68100868672,696.12682868928,303.695459375,269.4942463,406.2990986,1,NA,NA," ",9
2014-03-29,2014-04-23,2014-03-31,2535.428739,2703.50976763584,1895.71699452384,316.048261796,305.0140001,442.9422713,2,NA,NA," ",26
2014-04-29,2014-05-07,2014-05-02,2893.444848,1104.20680483008,750.05336297664,485.82174055,406.1626486,618.5868938,1,NA,NA," ",9
2014-06-12,2014-06-17,2014-06-14,2114.961029,712.56482642304,341.02077210144,851.30902756,816.3224126,903.78895,1,NA,NA," ",6
2014-12-06,2014-12-16,2014-12-08,2323.246816,1529.50175669376,971.96591674656,586.29043768,546.9533221,743.6389,1,NA,NA," ",11
2015-05-31,2015-07-14,2015-06-19,2388.284871,3685.63881968352,2975.335897032,179.595712843182,133.6952715,239.9910304,4,NA,NA," ",45
2015-06-01,2015-06-27,2015-06-19,2388.284871,2612.27575610784,1648.06226741952,433.820054376923,417.2817828,441.1703973,3,NA,NA,"overlaid",27
2015-07-14,2015-07-25,2015-07-17,2945.519669,1067.97556804032,804.79018494144,260.134457745455,239.9910304,313.850264,1,NA,NA," ",12
2015-09-29,2015-10-23,2015-10-01,3585.442214,1916.84418395472,1673.2552782888,87.6599408875,81.69762875,153.2453744,1,NA,NA," ",25
2015-10-28,2015-11-06,2015-10-30,2991.395332,1019.15440804224,759.3228579888,289.517904177778,253.815818,414.4752058,1,NA,NA," ",10
2015-12-22,2016-01-03,2015-12-24,2133.189138,1080.12656142432,708.3252751824,304.885054483333,278.0252639,439.1840074,1,NA,NA," ",13
2016-01-22,2016-01-29,2016-01-24,2813.933117,782.9144931168,491.51315727216,444.482325742857,394.706256,568.9225001,1,NA,NA," ",8
2016-05-29,2016-06-15,2016-05-31,2272.154502,1312.91948043072,1063.27389625632,151.509889029412,145.8311855,194.1001655,2,NA,NA," ",18
2016-05-29,2016-06-09,2016-05-31,2272.154502,661.72198433184,500.18660633664,154.607363681818,145.8311855,194.1001655,2,NA,NA,"first wave",12
2016-09-18,2016-11-07,2016-09-30,7988.991094,3307.43399919984,2864.31126485184,87.055831562,72.73071575,132.4186983,2,NA,NA," ",51
2017-03-13,2017-03-23,2017-03-15,3981.756668,1587.89838234816,1148.15877536736,457.14605856,422.6048453,595.3109116,1,NA,NA," ",11
2017-09-06,2017-09-11,2017-09-07,2275.300865,559.34466192,349.2523976544,474.59522208,466.7755796,505.873792,1,NA,NA," ",6
2017-10-29,2017-11-14,2017-10-31,4473.942452,1989.6866460864,1582.51300967808,236.743663075,217.477846,371.6043826,1,NA,NA," ",17
2018-02-23,2018-03-01,2018-02-26,2234.352203,802.44224871552,351.20527952256,870.4416844,776.1375723,964.7457965,1,NA,NA," ",7
2018-03-01,2018-03-07,2018-03-04,3951.62951,1441.0372223952,772.9423062912,1288.76334125,964.7457965,1612.780886,1,NA,NA," ",7
2018-07-17,2018-08-31,2018-07-28,4425.853678,6379.49574374112,5285.45620598112,263.306108206667,246.0096491,316.7678909,3,NA,NA," ",46
2018-07-17,2018-08-12,2018-07-28,4425.853678,4325.51581499232,3348.62603060544,405.813738896154,246.0096491,623.7284068,2,NA,NA,"overlaid",27
2018-09-08,2018-09-25,2018-09-13,4978.040507,3216.30640472448,2520.74081385504,424.036804482353,353.2887376,593.832165,1,NA,NA," ",18
2018-09-08,2018-09-22,2018-09-13,4978.040507,2728.13318103168,2155.3144591392,439.197104528571,353.2887376,593.832165,1,NA,NA,"first wave",15
2018-10-11,2018-10-19,2018-10-13,3867.597298,1373.40326529504,997.05382953696,509.25717815,474.0273254,614.9467364,1,NA,NA," ",9
2018-11-02,2018-11-23,2018-11-17,2524.524919,3167.4077145936,1977.33443157792,714.767004385714,518.5589471,793.2502273,1,NA,NA," ",22
2018-11-24,2018-12-02,2018-11-27,2454.433044,1253.23919398368,713.45503683936,747.6665105375,647.8528601,914.0225946,1,NA,NA," ",9
2018-12-20,2018-12-26,2018-12-22,2435.084771,838.52959455648,440.13497745024,731.683275166667,658.0335558,878.9827139,1,NA,NA," ",7
